<?xml version="1.0" encoding="UTF-8"?>
<root>
  <item name="com.webcash.sws.secure.PassTransform PassTransform(int) 0">
    <annotation name="androidx.annotation.IntDef">
      <val name="value" val="{com.webcash.sws.secure.PassTransform.DOT, com.webcash.sws.secure.PassTransform.STAR}" />
    </annotation>
  </item>
  <item name="com.webcash.sws.secure.PassTransform com.webcash.sws.secure.PassTransform getInstance(int) 0">
    <annotation name="androidx.annotation.IntDef">
      <val name="value" val="{com.webcash.sws.secure.PassTransform.DOT, com.webcash.sws.secure.PassTransform.STAR}" />
    </annotation>
  </item>
</root>

